id,firstName,lastName,email,gender,country,phone
1,Elaina,Clemendet,eclemendet0@weibo.com,Female,Guatemala,845-404-8701
2,Geraldine,Arnau,garnau1@hatena.ne.jp,Female,United States,573-965-3680
3,Shelby,Kirkebye,skirkebye2@ehow.com,Male,Sierra Leone,638-343-5249
4,Quincey,Brunon,qbrunon3@omniture.com,Male,Poland,935-421-6075
5,Rosanne,Vonderdell,rvonderdell4@marketwatch.com,Female,China,288-711-2608
6,Tamqrah,Hauch,thauch5@instagram.com,Female,United States,713-701-4706
7,Aloisia,Coolbear,acoolbear6@usgs.gov,Female,Brazil,350-999-2111
8,Freedman,Iacovini,fiacovini7@jalbum.net,Male,United States,816-654-9534
9,Alejoa,Sharphouse,asharphouse8@microsoft.com,Male,Finland,997-910-6123
10,Starlene,Royce,sroyce9@myspace.com,Female,Sweden,505-121-3115
11,Hannah,Rickasse,hrickassea@earthlink.net,Female,Canada,206-780-7549
12,Clarinda,Finding,cfindingb@360.cn,Genderfluid,Brazil,712-597-0391
13,Abe,Atwood,aatwoodc@slashdot.org,Male,Canada,774-144-1641
14,Aeriell,Batcock,abatcockd@mapquest.com,Female,Indonesia,591-587-2170
15,Rhys,De Bell,rdebelle@example.com,Male,China,360-592-1966
16,Ignaz,Jopke,ijopkef@mozilla.org,Male,France,877-512-2651
17,Art,Offener,aoffenerg@biblegateway.com,Non-binary,China,725-128-2634
18,Kate,Baford,kbafordh@geocities.com,Female,Portugal,476-256-9245
19,Libby,Romayn,lromayni@vimeo.com,Female,Greece,713-190-3952
20,Petronia,Steen,psteenj@opensource.org,Female,Indonesia,395-719-5267
21,Trista,Lehmann,tlehmannk@ft.com,Female,Portugal,291-219-7166
22,Abelard,Leaney,aleaneyl@princeton.edu,Male,Russia,719-323-4879
23,Remy,McRill,rmcrillm@meetup.com,Female,Portugal,582-550-2593
24,Rivkah,Poveleye,rpoveleyen@phpbb.com,Female,Ukraine,246-735-7500
25,Bryna,Gulk,bgulko@last.fm,Female,France,856-427-0127
26,Chandler,Woodson,cwoodsonp@deviantart.com,Male,Ukraine,554-503-4048
27,Isabelita,Kubica,ikubicaq@ustream.tv,Female,Slovenia,382-138-4017
28,Joell,Peskett,jpeskettr@unicef.org,Female,France,413-669-2437
29,Cyrus,Kleinschmidt,ckleinschmidts@printfriendly.com,Male,Russia,892-432-6815
30,Donovan,McPartlin,dmcpartlint@sitemeter.com,Male,China,676-876-1368
31,Benton,Blackney,bblackneyu@google.pl,Male,China,189-337-6445
32,Tyler,Crowcum,tcrowcumv@slideshare.net,Male,Indonesia,616-262-0048
33,Sibelle,Geater,sgeaterw@economist.com,Female,Russia,216-554-3510
34,Miltie,Pandya,mpandyax@army.mil,Male,China,140-332-0583
35,Wallas,Domico,wdomicoy@dailymail.co.uk,Male,Serbia,160-378-4815
36,Bev,Seeley,bseeleyz@twitpic.com,Male,Thailand,760-901-5367
37,Constantine,Crutch,ccrutch10@unesco.org,Female,Peru,660-252-3546
38,Herbie,Darkin,hdarkin11@vinaora.com,Male,China,334-454-3787
39,Nata,Evetts,nevetts12@live.com,Female,Uganda,831-188-3369
40,Kerwinn,Hallows,khallows13@merriam-webster.com,Non-binary,China,510-136-4203
41,Leicester,Caldera,lcaldera14@1und1.de,Male,Philippines,402-601-2531
42,Yettie,Klebes,yklebes15@amazon.com,Polygender,Slovenia,201-668-5401
43,Cordelie,Rogister,crogister16@gravatar.com,Female,Argentina,936-881-2637
44,Milissent,Josephov,mjosephov17@state.tx.us,Female,Greece,647-807-4902
45,Miltie,Spieght,mspieght18@wired.com,Male,Indonesia,773-160-6298
46,Olga,La Croce,olacroce19@tripadvisor.com,Female,Belgium,556-671-4548
47,Vicky,Ickowics,vickowics1a@blogger.com,Agender,Argentina,694-681-4309
48,Edlin,Alder,ealder1b@privacy.gov.au,Genderqueer,Philippines,521-534-3048
49,Zach,Oakeshott,zoakeshott1c@gov.uk,Male,Portugal,761-710-4282
50,Tabby,Pren,tpren1d@xinhuanet.com,Male,United States,202-549-7938
51,Marlo,Harfoot,mharfoot1e@wsj.com,Female,France,165-839-2622
52,Kamillah,Czaja,kczaja1f@meetup.com,Female,Portugal,352-464-4371
53,Warden,Steckings,wsteckings1g@cdc.gov,Genderfluid,Dominican Republic,439-346-2637
54,Eward,Grinaugh,egrinaugh1h@ed.gov,Male,China,993-569-0198
55,Ariel,Bauldrey,abauldrey1i@comcast.net,Female,Indonesia,775-787-6863
56,Dallas,Oager,doager1j@aboutads.info,Male,China,740-620-4324
57,Debbie,Hazlewood,dhazlewood1k@chronoengine.com,Female,Ecuador,652-332-9625
58,Dicky,Strauss,dstrauss1l@goo.gl,Male,China,139-320-0879
59,Marc,Dizlie,mdizlie1m@google.de,Male,China,742-725-9898
60,Sutton,Ghent,sghent1n@youtu.be,Male,Luxembourg,588-841-6327
61,Suzanne,Learman,slearman1o@gravatar.com,Female,China,183-750-4131
62,Addie,Heare,aheare1p@ask.com,Polygender,Bulgaria,368-299-0142
63,Kore,Lodemann,klodemann1q@deviantart.com,Female,France,578-971-4140
64,Marti,McGragh,mmcgragh1r@facebook.com,Female,Russia,707-848-0185
65,Antonio,Bannon,abannon1s@gravatar.com,Male,China,952-517-2138
66,Janaye,Noni,jnoni1t@slate.com,Female,Nigeria,741-451-8345
67,Dee dee,Dearden,ddearden1u@sitemeter.com,Female,Canada,712-474-4482
68,Elke,Keemer,ekeemer1v@e-recht24.de,Female,China,515-736-4885
69,Celestina,Ottewill,cottewill1w@g.co,Female,Mexico,598-864-1110
70,Catrina,Sowerbutts,csowerbutts1x@wikipedia.org,Female,Mali,118-977-6899
71,Onfre,Crake,ocrake1y@toplist.cz,Male,Portugal,298-346-3285
72,Reinold,Brigstock,rbrigstock1z@google.com.au,Male,Vietnam,534-242-0931
73,Aharon,Dinsell,adinsell20@reuters.com,Male,Philippines,672-458-8997
74,Sherwood,Medlicott,smedlicott21@columbia.edu,Male,Portugal,687-371-7881
75,Reed,Mumbray,rmumbray22@adobe.com,Bigender,Portugal,346-810-7067
76,Ruy,Keepin,rkeepin23@ucla.edu,Male,Russia,195-844-6630
77,Melisenda,McGrann,mmcgrann24@etsy.com,Female,Poland,870-202-0102
78,Ingeborg,Spurgin,ispurgin25@blogspot.com,Female,Brazil,330-527-5557
79,Norina,Snodden,nsnodden26@chicagotribune.com,Female,Albania,123-895-4398
80,Dolorita,Neilan,dneilan27@geocities.com,Female,Indonesia,516-456-2953
81,Kacey,Ruberti,kruberti28@npr.org,Female,China,939-976-6806
82,Chen,Tremayne,ctremayne29@discovery.com,Male,Poland,719-777-4698
83,Tiena,Mews,tmews2a@hp.com,Female,China,373-275-1500
84,Cass,Delafoy,cdelafoy2b@goo.ne.jp,Male,North Korea,128-739-1967
85,Reinwald,Vennart,rvennart2c@ed.gov,Male,Kazakhstan,925-779-7910
86,Brina,McPeeters,bmcpeeters2d@hao123.com,Female,China,847-926-9922
87,Gabriele,Bolitho,gbolitho2e@quantcast.com,Male,Australia,953-149-4147
88,Aubrie,Thorley,athorley2f@cornell.edu,Female,Republic of the Congo,221-824-5880
89,Ebonee,Leroux,eleroux2g@hostgator.com,Female,Russia,237-385-5610
90,Sissie,Dearn,sdearn2h@eepurl.com,Bigender,Indonesia,196-899-7355
91,Murdock,McPhee,mmcphee2i@wikipedia.org,Male,Brazil,223-211-8419
92,Penn,Ogglebie,pogglebie2j@a8.net,Male,Greece,882-430-1224
93,Gaylor,Bate,gbate2k@ed.gov,Male,Colombia,359-887-0472
94,Phyllys,Breagan,pbreagan2l@thetimes.co.uk,Female,Seychelles,226-445-8422
95,Randy,Couronne,rcouronne2m@yahoo.com,Female,Sweden,541-251-6223
96,Keane,Khidr,kkhidr2n@amazon.co.uk,Male,Colombia,851-629-5780
97,Larissa,Bosnell,lbosnell2o@cargocollective.com,Female,Portugal,538-638-4389
98,Putnem,Renackowna,prenackowna2p@edublogs.org,Male,Portugal,824-500-4977
99,Clovis,Nevison,cnevison2q@chicagotribune.com,Female,Cuba,542-543-8997
100,Emory,de Bullion,edebullion2r@ameblo.jp,Male,China,162-563-0947
101,Lory,Labrum,llabrum2s@pcworld.com,Female,Guatemala,362-366-4349
102,Amalia,Lobell,alobell2t@simplemachines.org,Female,China,908-793-7287
103,Dorry,Stonbridge,dstonbridge2u@miitbeian.gov.cn,Agender,Indonesia,465-751-8063
104,Rosetta,Oran,roran2v@vimeo.com,Female,Philippines,628-914-9037
105,Jinny,Matuska,jmatuska2w@example.com,Female,Russia,976-152-5802
106,Elmo,Tomaschke,etomaschke2x@themeforest.net,Male,United States,512-832-0177
107,Corey,Gravenell,cgravenell2y@bluehost.com,Female,Russia,624-907-1618
108,Lacee,Feather,lfeather2z@seesaa.net,Female,China,380-471-5232
109,Rosanne,Denham,rdenham30@slate.com,Female,Philippines,150-856-7736
110,Nanice,Oene,noene31@wikispaces.com,Female,Mexico,218-729-7499
111,Albrecht,McCafferty,amccafferty32@cnbc.com,Genderqueer,China,267-236-9708
112,Krisha,Siddens,ksiddens33@facebook.com,Male,Russia,699-103-8329
113,Antony,Ellaway,aellaway34@admin.ch,Male,Belarus,220-292-7535
114,Lyell,Ropp,lropp35@mapy.cz,Male,United States,678-604-4953
115,Cleon,Genike,cgenike36@blinklist.com,Male,Tanzania,977-194-3385
116,Charlena,Keyte,ckeyte37@webs.com,Female,South Korea,994-926-7494
117,Tuesday,Berrington,tberrington38@walmart.com,Female,Sweden,337-104-6719
118,Craggie,Monkley,cmonkley39@csmonitor.com,Male,Indonesia,100-359-9592
119,Jourdan,Bonnaire,jbonnaire3a@dropbox.com,Female,Brazil,174-532-5004
120,Ches,Gwalter,cgwalter3b@state.gov,Male,China,743-699-4257
121,Glen,Gibbings,ggibbings3c@yale.edu,Male,China,146-786-3527
122,Carlynne,Stainson,cstainson3d@usgs.gov,Female,Croatia,672-690-4790
123,Osborn,Mattevi,omattevi3e@nydailynews.com,Non-binary,Syria,874-385-2018
124,Gerhard,Stubbington,gstubbington3f@wordpress.org,Male,China,474-766-6257
125,Ermentrude,Ellacott,eellacott3g@reference.com,Female,Finland,286-256-1068
126,Scotti,Demangel,sdemangel3h@odnoklassniki.ru,Male,China,394-315-4328
127,Maritsa,Clist,mclist3i@taobao.com,Female,Russia,965-723-6509
128,Benni,Striker,bstriker3j@shutterfly.com,Female,Russia,943-656-3851
129,Calley,Kinker,ckinker3k@theguardian.com,Female,Colombia,512-379-0453
130,Eolande,Edson,eedson3l@qq.com,Female,Argentina,278-276-5172
131,Gregoor,Ramey,gramey3m@msn.com,Male,China,172-650-7677
132,Angil,Speaks,aspeaks3n@go.com,Female,Brazil,809-892-3004
133,Vasili,Mazonowicz,vmazonowicz3o@addtoany.com,Male,Indonesia,172-680-4449
134,Orton,Brou,obrou3p@free.fr,Male,Belarus,215-823-2797
135,Karlie,Riddington,kriddington3q@reuters.com,Female,China,253-210-4344
136,Nari,Janaszewski,njanaszewski3r@gov.uk,Female,Indonesia,915-369-7569
137,Ilsa,Gell,igell3s@163.com,Female,China,541-333-4472
138,Viviana,Brooksby,vbrooksby3t@unblog.fr,Female,Zimbabwe,347-855-1775
139,Janek,Graves,jgraves3u@bravesites.com,Male,Thailand,865-335-5921
140,Alwyn,Esposita,aesposita3v@ocn.ne.jp,Male,El Salvador,545-562-4806
141,Katerina,Neubigin,kneubigin3w@wufoo.com,Female,Mexico,202-702-4749
142,Vladamir,Bossingham,vbossingham3x@globo.com,Genderqueer,Mexico,723-469-3284
143,Bengt,MacNaughton,bmacnaughton3y@altervista.org,Male,France,726-331-2210
144,Nicko,Moncreiffe,nmoncreiffe3z@tripadvisor.com,Male,South Africa,962-898-9862
145,Erin,Kumar,ekumar40@lulu.com,Female,Czech Republic,912-447-8059
146,Timmy,Yonge,tyonge41@walmart.com,Male,Greece,563-286-8653
147,Arlyne,Oliff,aoliff42@1und1.de,Female,Greece,739-835-6660
148,Luce,Jouen,ljouen43@instagram.com,Male,Mongolia,798-578-0122
149,Jonas,Gavin,jgavin44@techcrunch.com,Male,Samoa,271-354-8521
150,Melina,Wrennall,mwrennall45@wufoo.com,Female,China,638-164-6912
151,Amalia,Dennett,adennett46@cisco.com,Female,Philippines,737-125-8845
152,Lucita,Chattock,lchattock47@bbc.co.uk,Female,China,385-533-0063
153,Leonid,Stopp,lstopp48@uiuc.edu,Male,Ivory Coast,959-935-2510
154,Ronny,Kerley,rkerley49@mtv.com,Female,Thailand,868-687-1957
155,Giuseppe,Hefferan,ghefferan4a@fc2.com,Male,Netherlands,768-284-8008
156,Mattie,Glowacha,mglowacha4b@stumbleupon.com,Female,Poland,116-718-4441
157,Freddie,Schirak,fschirak4c@ameblo.jp,Female,Thailand,642-107-5591
158,Briny,Lere,blere4d@lycos.com,Female,Norway,448-195-8221
159,Andros,Ashall,aashall4e@lycos.com,Male,Indonesia,330-178-1298
160,Lexie,Lumley,llumley4f@pcworld.com,Female,Iran,465-569-8703
161,Parke,Hacksby,phacksby4g@ucsd.edu,Polygender,Peru,147-800-8166
162,Lettie,Kyndred,lkyndred4h@bloglines.com,Female,Libya,350-837-2991
163,Holt,Fritzer,hfritzer4i@apple.com,Male,France,396-219-0355
164,Jeri,Bilovsky,jbilovsky4j@time.com,Female,Indonesia,590-698-0320
165,Verna,Shirt,vshirt4k@mediafire.com,Non-binary,China,276-355-9263
166,Fredrika,Shemmans,fshemmans4l@wisc.edu,Female,China,257-981-6613
167,Hubert,Clashe,hclashe4m@tripadvisor.com,Male,Nigeria,447-273-5314
168,Temp,Gossage,tgossage4n@dailymotion.com,Male,China,443-425-4852
169,Danit,Minkin,dminkin4o@ow.ly,Female,Philippines,892-991-2953
170,Catlin,Pimerick,cpimerick4p@com.com,Female,Poland,622-798-6938
171,Amelita,Payze,apayze4q@usda.gov,Female,Czech Republic,669-736-7989
172,Franky,Scaife,fscaife4r@google.ca,Female,Japan,533-869-4695
173,Rafferty,McAtamney,rmcatamney4s@hud.gov,Male,Japan,114-629-5391
174,Kiley,Hankey,khankey4t@jalbum.net,Female,Myanmar,132-192-4918
175,Sigismond,Bockman,sbockman4u@facebook.com,Male,Indonesia,426-816-1071
176,Mateo,Edmonson,medmonson4v@bloglovin.com,Male,Russia,840-143-2689
177,Giacinta,Dignall,gdignall4w@aboutads.info,Female,China,920-639-2571
178,Shadow,Verlander,sverlander4x@ted.com,Male,Nicaragua,823-347-0785
179,Gusti,Gowthorpe,ggowthorpe4y@craigslist.org,Female,Iran,340-397-8416
180,Amata,Loveard,aloveard4z@trellian.com,Female,Russia,550-441-5485
181,Elwin,Gronou,egronou50@sitemeter.com,Male,United States,979-409-3114
182,Lacy,Pharrow,lpharrow51@bravesites.com,Female,Mexico,899-240-8368
183,Ely,Day,eday52@goodreads.com,Male,China,303-232-0238
184,Lamar,Feldberg,lfeldberg53@de.vu,Male,Armenia,517-136-8366
185,Royall,Center,rcenter54@google.nl,Male,China,752-852-5877
186,Geoffry,Mitkin,gmitkin55@adobe.com,Male,France,231-709-2676
187,Merl,Doberer,mdoberer56@opera.com,Female,Ivory Coast,586-743-7663
188,Alene,Turgoose,aturgoose57@slate.com,Female,Indonesia,793-447-9837
189,Geordie,Rainon,grainon58@cbc.ca,Male,China,218-169-7163
190,Nicolas,Spancock,nspancock59@state.tx.us,Male,Honduras,650-911-3929
191,Hurley,Milson,hmilson5a@google.com.br,Male,United States,917-757-4541
192,Arleta,McPolin,amcpolin5b@addtoany.com,Polygender,Azerbaijan,389-654-9599
193,Maiga,Jerrome,mjerrome5c@nyu.edu,Genderqueer,Japan,581-224-1626
194,Pierre,Dows,pdows5d@geocities.com,Male,China,171-290-5891
195,Kalil,Oppy,koppy5e@reddit.com,Male,China,652-222-5323
196,Garik,Caulliere,gcaulliere5f@ihg.com,Male,Canada,113-232-2830
197,Grethel,Hearnden,ghearnden5g@cam.ac.uk,Female,Portugal,357-197-8705
198,Pier,Genike,pgenike5h@businessweek.com,Female,Philippines,671-596-1985
199,Domenic,Doveston,ddoveston5i@adobe.com,Male,Ireland,105-206-9852
200,Norris,Venny,nvenny5j@go.com,Male,Venezuela,396-550-9413
201,Timothy,Gibbs,tgibbs5k@over-blog.com,Male,Croatia,876-214-3075
202,Lyle,MacPaden,lmacpaden5l@addthis.com,Male,China,446-334-2258
203,Jayson,Dilleway,jdilleway5m@sphinn.com,Male,China,997-283-5926
204,Emmaline,Klejin,eklejin5n@google.ru,Female,Vietnam,390-209-1871
205,Barclay,Galbreath,bgalbreath5o@webnode.com,Male,Aland Islands,859-985-1447
206,Murvyn,Desaur,mdesaur5p@netscape.com,Male,Canada,249-251-8962
207,Martyn,Sabie,msabie5q@boston.com,Male,Honduras,823-502-3507
208,Aurea,Bemand,abemand5r@wp.com,Female,France,288-909-1246
209,Griz,Philpotts,gphilpotts5s@cdbaby.com,Male,Serbia,588-484-6041
210,Lewie,Dicte,ldicte5t@huffingtonpost.com,Male,France,255-228-0267
211,Abbott,Murrhaupt,amurrhaupt5u@behance.net,Genderfluid,Philippines,688-558-2052
212,Owen,Whyatt,owhyatt5v@vk.com,Male,Libya,175-327-1199
213,Kendricks,Attac,kattac5w@scribd.com,Male,Croatia,627-774-2816
214,Fallon,Cardo,fcardo5x@tripadvisor.com,Female,Western Sahara,403-122-5098
215,Kirk,Elford,kelford5y@cam.ac.uk,Male,Azerbaijan,342-336-3609
216,Fergus,Maber,fmaber5z@timesonline.co.uk,Male,China,432-842-0246
217,Victoria,Sylvester,vsylvester60@google.com.br,Female,Latvia,476-446-6672
218,Hildegaard,Deller,hdeller61@yolasite.com,Female,Indonesia,108-341-6626
219,Ana,Fourmy,afourmy62@slate.com,Female,Russia,388-475-9320
220,Dolph,Beecroft,dbeecroft63@tiny.cc,Male,Sweden,810-929-3336
221,Gilly,Jewel,gjewel64@elegantthemes.com,Female,Russia,200-332-8887
222,Hortense,Beggan,hbeggan65@mtv.com,Female,Philippines,199-236-1592
223,Perice,Mangeney,pmangeney66@1688.com,Male,China,287-174-3939
224,Kip,Alcorn,kalcorn67@canalblog.com,Female,Mexico,679-731-9125
225,Palmer,Fosten,pfosten68@yelp.com,Male,Indonesia,145-825-9688
226,Tynan,Houseago,thouseago69@jigsy.com,Male,Peru,878-636-8838
227,Dov,Van Merwe,dvanmerwe6a@twitpic.com,Male,France,397-967-7377
228,Blane,Drinkel,bdrinkel6b@youtu.be,Male,Poland,999-785-2199
229,Ruthie,Buyers,rbuyers6c@virginia.edu,Female,Sweden,572-868-4729
230,Alexandrina,Goggin,agoggin6d@indiegogo.com,Female,United States,303-996-5229
231,Harwilll,Pelling,hpelling6e@blog.com,Male,Russia,449-367-2772
232,Evelyn,Fumagalli,efumagalli6f@rakuten.co.jp,Male,Chile,852-871-6851
233,Oswell,McKeand,omckeand6g@mozilla.org,Male,Vietnam,587-374-8068
234,Osbourne,Phethean,ophethean6h@usnews.com,Male,Indonesia,552-713-9809
235,Valentino,Warbys,vwarbys6i@gizmodo.com,Male,Indonesia,381-382-1865
236,Lamond,Scorey,lscorey6j@flavors.me,Male,Vietnam,364-830-5170
237,Keenan,Gatherer,kgatherer6k@guardian.co.uk,Male,France,755-915-8705
238,Luther,Kennington,lkennington6l@printfriendly.com,Male,Argentina,782-184-9550
239,Amabel,Wheelan,awheelan6m@wisc.edu,Female,Czech Republic,113-652-3371
240,Shalne,Cianelli,scianelli6n@nasa.gov,Female,Czech Republic,356-197-3076
241,Abba,Breitler,abreitler6o@mediafire.com,Male,Philippines,694-390-2541
242,Dynah,O'Feeny,dofeeny6p@blogspot.com,Female,Indonesia,606-666-4540
243,Hedy,MacDiarmid,hmacdiarmid6q@pbs.org,Female,China,681-558-1298
244,Jacinda,Tolussi,jtolussi6r@booking.com,Female,South Korea,456-945-1377
245,Clarke,Olczak,colczak6s@cnet.com,Male,North Korea,905-719-9657
246,Thomasin,Mendus,tmendus6t@cloudflare.com,Female,China,839-428-4366
247,Tildy,Molloy,tmolloy6u@dot.gov,Female,Russia,564-399-3030
248,Gwenora,Cannaway,gcannaway6v@economist.com,Genderfluid,France,625-890-7993
249,Mabelle,Laughtisse,mlaughtisse6w@kickstarter.com,Female,Indonesia,411-992-1660
250,Michelina,Bridgewood,mbridgewood6x@live.com,Female,Russia,882-583-5463
251,Denise,Filippello,dfilippello6y@wordpress.org,Female,Russia,256-242-9599
252,Dalia,Gowdy,dgowdy6z@dropbox.com,Female,Egypt,514-732-5857
253,Cynthie,Eyeington,ceyeington70@stumbleupon.com,Female,France,499-185-6844
254,Ferdie,Kuller,fkuller71@china.com.cn,Male,Botswana,184-958-0261
255,Marika,Jordon,mjordon72@businesswire.com,Female,Serbia,179-721-7165
256,Cayla,Szymonwicz,cszymonwicz73@google.pl,Female,Portugal,201-941-5341
257,Desdemona,Huttley,dhuttley74@merriam-webster.com,Female,Russia,224-769-6357
258,Margette,Rodwell,mrodwell75@reference.com,Female,Indonesia,957-832-0499
259,Filippo,Puttock,fputtock76@ameblo.jp,Male,China,990-726-7484
260,Elena,Isles,eisles77@ehow.com,Female,China,560-332-1228
261,Jory,Baxandall,jbaxandall78@msn.com,Polygender,France,204-559-5050
262,Giacinta,Tromans,gtromans79@google.cn,Female,Poland,424-197-0292
263,Clair,Lemmers,clemmers7a@facebook.com,Male,Philippines,810-599-5754
264,Pier,Terron,pterron7b@intel.com,Female,France,622-689-7594
265,Florian,Sessuns,fsessuns7c@businesswire.com,Male,China,922-311-4710
266,Cindee,Lodewick,clodewick7d@cmu.edu,Female,China,902-649-8187
267,Henderson,Hearmon,hhearmon7e@issuu.com,Male,Ukraine,283-116-8200
268,Wakefield,Burns,wburns7f@cmu.edu,Male,Brazil,715-350-7964
269,Rafael,Conrad,rconrad7g@example.com,Genderqueer,Portugal,425-196-1374
270,Karlan,Kobiera,kkobiera7h@cnet.com,Male,Costa Rica,640-935-4146
271,Kaye,Brimmacombe,kbrimmacombe7i@phoca.cz,Female,Philippines,287-553-1334
272,Cacilie,Grumbridge,cgrumbridge7j@flickr.com,Female,Kenya,435-444-5091
273,Clem,Erbe,cerbe7k@amazonaws.com,Female,Poland,693-760-4701
274,Cleon,Lynes,clynes7l@cpanel.net,Male,Philippines,550-283-5933
275,Valentin,Drust,vdrust7m@cam.ac.uk,Male,Slovenia,740-696-6326
276,Cletis,Shank,cshank7n@smugmug.com,Male,Norway,638-496-8439
277,Lorelei,Abells,labells7o@eepurl.com,Female,United States,253-815-0500
278,Loise,Ellsbury,lellsbury7p@indiatimes.com,Female,Norway,989-484-8063
279,Redd,Faich,rfaich7q@weibo.com,Male,Israel,372-572-9893
280,Clevie,Olfert,colfert7r@microsoft.com,Male,United States,414-871-2733
281,Ray,Hurdle,rhurdle7s@eepurl.com,Male,Finland,860-218-8508
282,Denni,Jays,djays7t@omniture.com,Female,Colombia,750-452-0064
283,Hugues,Absolom,habsolom7u@mediafire.com,Male,Indonesia,963-850-6962
284,Cosette,Marzella,cmarzella7v@home.pl,Female,China,898-105-1027
285,Mathian,Baythorp,mbaythorp7w@baidu.com,Male,China,464-774-0183
286,Manny,Fowles,mfowles7x@ftc.gov,Male,Mexico,767-121-4373
287,Glen,Corteis,gcorteis7y@elpais.com,Female,Philippines,314-345-7666
288,Hope,Dumbarton,hdumbarton7z@businesswire.com,Female,Macedonia,644-674-9289
289,Beauregard,Bette,bbette80@mediafire.com,Male,Peru,723-269-7601
290,Friedrick,Spinke,fspinke81@mtv.com,Male,Sweden,850-692-6607
291,Annadiana,Bruckner,abruckner82@spotify.com,Female,Philippines,901-665-3682
292,Sara-ann,Schettini,sschettini83@microsoft.com,Female,Indonesia,480-243-0247
293,Reynolds,Kalkhoven,rkalkhoven84@netvibes.com,Male,Greece,275-427-3511
294,Conan,Junifer,cjunifer85@prnewswire.com,Male,Sweden,111-731-3212
295,Aldus,Kendle,akendle86@cargocollective.com,Genderfluid,Indonesia,843-786-1869
296,Gabbie,Ellington,gellington87@4shared.com,Male,United States,863-205-8517
297,Linda,Orbine,lorbine88@yellowbook.com,Non-binary,Croatia,995-276-9413
298,Rogers,Mountlow,rmountlow89@prlog.org,Male,China,709-797-1266
299,Daren,Ridder,dridder8a@earthlink.net,Male,Cameroon,828-357-7559
300,Rosco,Gyenes,rgyenes8b@quantcast.com,Male,China,722-821-1337
301,Dorree,Armfield,darmfield8c@prnewswire.com,Female,Indonesia,372-861-6139
302,Jasun,Nolot,jnolot8d@ihg.com,Male,Greece,496-916-0478
303,Russell,Ventris,rventris8e@netscape.com,Male,Chile,857-685-4227
304,Helga,Hamberstone,hhamberstone8f@webs.com,Female,Ukraine,496-201-6400
305,Ceil,Horsey,chorsey8g@pcworld.com,Bigender,Honduras,390-649-2631
306,Agathe,Peris,aperis8h@ehow.com,Agender,Indonesia,251-946-4652
307,Franciskus,MacShirrie,fmacshirrie8i@spotify.com,Male,Russia,212-681-8210
308,Morris,Millan,mmillan8j@bravesites.com,Male,Russia,821-215-9009
309,Guendolen,Gowthorpe,ggowthorpe8k@uiuc.edu,Female,Albania,284-772-9532
310,Tracy,Roylance,troylance8l@tripod.com,Female,Russia,234-279-3841
311,Ruben,Sheircliffe,rsheircliffe8m@vkontakte.ru,Male,Democratic Republic of the Congo,582-869-6309
312,Prisca,Klesse,pklesse8n@ucsd.edu,Female,China,881-562-5145
313,Marley,Howley,mhowley8o@4shared.com,Female,Sweden,461-560-8208
314,Almira,Matisse,amatisse8p@illinois.edu,Female,Guadeloupe,675-729-7287
315,Eduard,Montilla,emontilla8q@miitbeian.gov.cn,Male,Vietnam,351-274-3000
316,Orlan,Christley,ochristley8r@bloglines.com,Male,Russia,543-252-9195
317,Nikki,Danelut,ndanelut8s@dyndns.org,Non-binary,China,995-707-7877
318,Oran,Loach,oloach8t@narod.ru,Male,Indonesia,906-502-4053
319,Winfield,Mauvin,wmauvin8u@live.com,Male,China,525-166-3855
320,Deborah,Charville,dcharville8v@zimbio.com,Female,Pakistan,251-277-6460
321,Drusie,Dinis,ddinis8w@businessinsider.com,Female,China,381-722-6792
322,Mignon,Hardesty,mhardesty8x@squidoo.com,Female,United States,786-565-2449
323,Haze,Edlestone,hedlestone8y@tuttocitta.it,Male,Philippines,468-224-6994
324,Brana,MacKibbon,bmackibbon8z@pbs.org,Female,Vietnam,633-636-9167
325,Lorenzo,Hearse,lhearse90@cpanel.net,Male,Indonesia,716-281-8013
326,Augie,Sealey,asealey91@hugedomains.com,Male,Guatemala,526-657-9963
327,Vincents,Chavrin,vchavrin92@shop-pro.jp,Male,China,190-100-9560
328,Floyd,Vakhonin,fvakhonin93@mtv.com,Male,China,309-361-4710
329,Leighton,Gheerhaert,lgheerhaert94@tripod.com,Male,Peru,394-235-5056
330,Georges,Mart,gmart95@independent.co.uk,Male,Poland,564-228-6033
331,Clarissa,Silversmidt,csilversmidt96@shutterfly.com,Female,Portugal,622-124-5141
332,Lilli,Fane,lfane97@tinyurl.com,Female,Russia,987-101-6548
333,Dilly,Howatt,dhowatt98@telegraph.co.uk,Male,Poland,412-297-7320
334,Christean,Cordrey,ccordrey99@domainmarket.com,Female,Serbia,666-424-8993
335,Daryn,Weiser,dweiser9a@boston.com,Female,Philippines,639-922-9507
336,Mahmud,Giacoppoli,mgiacoppoli9b@dedecms.com,Male,China,209-999-3148
337,Duffie,Folk,dfolk9c@uol.com.br,Genderfluid,Venezuela,877-237-7081
338,Aldon,Chastaing,achastaing9d@vistaprint.com,Male,Brazil,646-153-2625
339,Orren,Fenck,ofenck9e@ovh.net,Male,Sweden,333-614-3626
340,Michelina,Blennerhassett,mblennerhassett9f@smugmug.com,Female,Hong Kong,412-623-2598
341,Dore,Philcock,dphilcock9g@seesaa.net,Genderqueer,Greece,500-684-0864
342,Brion,Saile,bsaile9h@multiply.com,Non-binary,Indonesia,703-215-7825
343,Osgood,Grzelczyk,ogrzelczyk9i@spiegel.de,Male,Indonesia,753-416-2012
344,Siana,A'field,safield9j@dagondesign.com,Female,Canada,224-227-6968
345,Idalia,Rawkesby,irawkesby9k@taobao.com,Female,Colombia,172-689-7427
346,Shaun,Lowndes,slowndes9l@geocities.jp,Male,Russia,142-563-8274
347,Phillipp,Amey,pamey9m@zimbio.com,Agender,France,671-757-9859
348,Daffy,McIntosh,dmcintosh9n@cnn.com,Female,Philippines,351-794-6941
349,Creight,Barlace,cbarlace9o@paginegialle.it,Male,Indonesia,805-893-3282
350,Tamqrah,Arntzen,tarntzen9p@wp.com,Female,Panama,447-736-2601
351,Case,Secombe,csecombe9q@ovh.net,Male,Argentina,655-592-8053
352,Mallory,Lympany,mlympany9r@shop-pro.jp,Male,Russia,858-629-3108
353,Fowler,Dunnan,fdunnan9s@wordpress.com,Male,Indonesia,829-584-3138
354,Leilah,Bertot,lbertot9t@tripadvisor.com,Female,Nigeria,469-805-4448
355,Amity,Hurd,ahurd9u@apache.org,Female,China,738-729-7326
356,Avigdor,Parkes,aparkes9v@godaddy.com,Male,China,317-650-1427
357,Cole,Bugbee,cbugbee9w@woothemes.com,Male,Bosnia and Herzegovina,875-485-6261
358,Mandel,Sjostrom,msjostrom9x@angelfire.com,Male,Bulgaria,126-747-3203
359,Duky,Meddick,dmeddick9y@dropbox.com,Male,Portugal,710-980-3440
360,Denney,Duckhouse,dduckhouse9z@amazon.co.uk,Male,Mongolia,290-703-2955
361,Ranee,Farquarson,rfarquarsona0@examiner.com,Female,Russia,943-915-4942
362,Bessie,Lorentz,blorentza1@altervista.org,Female,United States,571-641-2354
363,Tyson,Hue,thuea2@dell.com,Male,Argentina,456-821-8978
364,Bear,Bright,bbrighta3@newyorker.com,Male,Cuba,560-873-5522
365,Read,Dalloway,rdallowaya4@istockphoto.com,Male,China,415-337-2541
366,Teressa,Terran,tterrana5@rakuten.co.jp,Female,Poland,528-274-1828
367,Piggy,Carles,pcarlesa6@redcross.org,Non-binary,France,439-117-7955
368,Queenie,Lanchbery,qlanchberya7@sciencedirect.com,Female,Vietnam,935-895-6030
369,Padriac,Oxford,poxforda8@auda.org.au,Male,Indonesia,400-207-2147
370,Wallis,Skilling,wskillinga9@usnews.com,Male,Indonesia,189-701-0219
371,Adrianne,Jedryka,ajedrykaaa@fc2.com,Female,Kyrgyzstan,405-533-2427
372,Letisha,Snelling,lsnellingab@usnews.com,Female,Indonesia,299-310-2570
373,Clifford,Newby,cnewbyac@nbcnews.com,Male,Poland,966-575-1128
374,Zachariah,Santorini,zsantoriniad@parallels.com,Male,Guatemala,617-873-3785
375,Ameline,Polfer,apolferae@creativecommons.org,Female,Thailand,523-726-8331
376,Nichole,Austwick,naustwickaf@mayoclinic.com,Female,Nigeria,869-160-6474
377,Latrina,Hurton,lhurtonag@sohu.com,Female,Finland,112-132-1805
378,Edin,Chotty,echottyah@paypal.com,Female,Russia,752-950-4116
379,Alfonse,Browne,abrowneai@ovh.net,Male,Indonesia,360-568-4254
380,Reine,Comelini,rcomeliniaj@smh.com.au,Female,Brazil,191-139-4487
381,Pepe,Burchard,pburchardak@usa.gov,Male,Bolivia,234-520-8974
382,Gun,Anders,gandersal@nationalgeographic.com,Male,China,994-935-9805
383,Charis,Bamforth,cbamfortham@de.vu,Female,Djibouti,655-623-0213
384,Netta,Menhci,nmenhcian@wikispaces.com,Female,Honduras,861-996-0961
385,Eba,Ianniello,eiannielloao@acquirethisname.com,Female,France,402-503-8467
386,Elnar,Pinard,epinardap@yellowpages.com,Male,China,983-445-9247
387,Saunders,Wilhelmy,swilhelmyaq@nytimes.com,Male,Greece,330-154-3991
388,Sharron,Fernehough,sfernehoughar@si.edu,Female,Portugal,180-441-2666
389,Sergio,Tomas,stomasas@yahoo.co.jp,Male,Colombia,355-898-8287
390,Flory,Chadburn,fchadburnat@yelp.com,Female,Czech Republic,964-945-7234
391,Si,Camacke,scamackeau@desdev.cn,Male,China,137-379-1109
392,Ky,Emmet,kemmetav@theatlantic.com,Male,Vietnam,521-483-8444
393,Shae,Grinnikov,sgrinnikovaw@washington.edu,Female,China,690-959-0550
394,Beverlee,Lanbertoni,blanbertoniax@gravatar.com,Female,Thailand,888-530-5097
395,Haslett,Peggs,hpeggsay@vimeo.com,Polygender,China,357-235-0429
396,Katuscha,Orchart,korchartaz@ehow.com,Female,Indonesia,141-751-8749
397,Whit,Battyll,wbattyllb0@xing.com,Male,Poland,343-565-4542
398,Twila,Wake,twakeb1@hubpages.com,Female,Palestinian Territory,775-458-9046
399,Celinda,Adamczewski,cadamczewskib2@youtube.com,Female,Croatia,202-720-3041
400,Lorita,Bester,lbesterb3@facebook.com,Female,Paraguay,471-844-9010
401,Nicolette,Callar,ncallarb4@tmall.com,Female,China,824-201-7638
402,Petr,Bezarra,pbezarrab5@ihg.com,Male,Ukraine,232-744-2028
403,Cherise,Kliemchen,ckliemchenb6@spotify.com,Bigender,United States,515-642-4781
404,Enos,Everitt,eeverittb7@msn.com,Male,Czech Republic,877-214-1934
405,Izaak,Cale,icaleb8@earthlink.net,Male,Japan,311-129-6121
406,Alecia,Mylan,amylanb9@ifeng.com,Female,Afghanistan,682-287-4400
407,Guido,MacPherson,gmacphersonba@mlb.com,Male,Kazakhstan,551-167-8864
408,Carter,Brehaut,cbrehautbb@people.com.cn,Male,Portugal,162-893-2717
409,Mikael,Lemasney,mlemasneybc@typepad.com,Male,Sweden,994-232-1384
410,Claudell,Stenett,cstenettbd@hibu.com,Male,China,613-169-5268
411,Lou,Brill,lbrillbe@usnews.com,Male,Indonesia,442-536-1305
412,Ruby,Deeks,rdeeksbf@cmu.edu,Male,Ukraine,330-793-1906
413,Vyky,McGoogan,vmcgooganbg@rediff.com,Female,Indonesia,810-452-1669
414,Bellina,Bratten,bbrattenbh@g.co,Female,Madagascar,901-119-9623
415,Marti,Gowling,mgowlingbi@youtu.be,Female,Thailand,492-400-2349
416,Kristo,Marquiss,kmarquissbj@whitehouse.gov,Male,Philippines,345-176-2545
417,Eldon,Jollie,ejolliebk@howstuffworks.com,Male,China,451-315-3135
418,Sutton,Brobeck,sbrobeckbl@google.pl,Male,Libya,224-297-1482
419,Denni,Kemet,dkemetbm@pagesperso-orange.fr,Female,Bangladesh,734-138-9581
420,Loraine,Stephens,lstephensbn@infoseek.co.jp,Female,Indonesia,653-582-5934
421,Antonie,Krochmann,akrochmannbo@gnu.org,Genderfluid,Tajikistan,318-403-7313
422,Abby,Dawdry,adawdrybp@wordpress.org,Female,Indonesia,863-552-5106
423,Harvey,McBlain,hmcblainbq@hp.com,Male,Ukraine,804-243-0188
424,Delaney,Symper,dsymperbr@nasa.gov,Male,Cuba,635-626-3655
425,Avictor,Howison,ahowisonbs@purevolume.com,Male,Mongolia,556-838-7314
426,Emeline,Dalley,edalleybt@wisc.edu,Female,China,754-955-9061
427,Norri,Terzza,nterzzabu@nytimes.com,Polygender,Philippines,566-386-8971
428,Seana,Mengo,smengobv@phpbb.com,Female,Brazil,152-822-0762
429,Marsiella,Burniston,mburnistonbw@networkadvertising.org,Female,Brazil,539-659-7667
430,Bryn,Gleave,bgleavebx@printfriendly.com,Female,Albania,286-311-6270
431,Celine,Hofer,choferby@amazonaws.com,Female,Brazil,249-343-6686
432,Dulci,Scarsbrooke,dscarsbrookebz@skyrock.com,Female,Argentina,110-891-1061
433,Maryl,Ralfe,mralfec0@umn.edu,Female,Netherlands,473-740-7601
434,Corenda,Kevane,ckevanec1@imdb.com,Female,Democratic Republic of the Congo,666-389-0376
435,Libby,Guyot,lguyotc2@indiatimes.com,Female,Georgia,414-265-9325
436,Norah,Howard - Gater,nhowardgaterc3@boston.com,Female,United States,520-798-9707
437,Alma,Cotter,acotterc4@nasa.gov,Non-binary,Japan,277-838-8734
438,Chloris,Beddard,cbeddardc5@prweb.com,Female,China,422-268-2170
439,Tammi,MacCome,tmaccomec6@infoseek.co.jp,Female,China,457-887-9292
440,Addia,Dore,adorec7@wordpress.org,Female,United States,612-854-3235
441,Natala,Twinning,ntwinningc8@xinhuanet.com,Female,Philippines,464-741-5691
442,Dixie,Hartless,dhartlessc9@state.gov,Female,China,434-174-7040
443,Josey,Arendt,jarendtca@liveinternet.ru,Female,China,277-364-4328
444,Dewie,Natalie,dnataliecb@engadget.com,Male,Brazil,676-649-8633
445,Avram,Burde,aburdecc@bloglovin.com,Male,Czech Republic,978-149-9276
446,Dagmar,Tabert,dtabertcd@geocities.com,Female,Jamaica,472-619-5452
447,Catriona,Bernardeschi,cbernardeschice@squarespace.com,Female,China,442-636-1895
448,Morgen,Bayne,mbaynecf@shinystat.com,Male,Indonesia,388-605-2966
449,Jackie,Blaase,jblaasecg@furl.net,Male,Philippines,709-776-8132
450,Minetta,Theurer,mtheurerch@tamu.edu,Female,Sweden,620-880-7034
451,Odelinda,Wormstone,owormstoneci@thetimes.co.uk,Female,China,770-223-6269
452,Valeda,Martindale,vmartindalecj@acquirethisname.com,Female,Sweden,582-951-1625
453,Hedwig,Heskins,hheskinsck@businessweek.com,Female,France,608-889-4692
454,Vinnie,Greatbanks,vgreatbankscl@zdnet.com,Agender,Mongolia,815-775-5212
455,Fulvia,Lornsen,flornsencm@wired.com,Female,Philippines,716-139-8765
456,Griffith,Jellard,gjellardcn@oracle.com,Male,Saint Lucia,869-243-1678
457,Eliza,Magrannell,emagrannellco@dot.gov,Female,Poland,275-771-8148
458,Conrado,Loncaster,cloncastercp@ucla.edu,Male,Sweden,658-469-4046
459,Janine,Harse,jharsecq@stumbleupon.com,Female,China,865-574-1199
460,Roxine,Hesey,rheseycr@vkontakte.ru,Female,Russia,152-655-1414
461,Wilona,Chaffe,wchaffecs@etsy.com,Female,Vanuatu,231-968-7399
462,Fonzie,Gidden,fgiddenct@artisteer.com,Male,Indonesia,687-503-0033
463,Danna,Meese,dmeesecu@whitehouse.gov,Female,France,405-681-5277
464,Tanhya,Gallardo,tgallardocv@rakuten.co.jp,Female,Philippines,101-225-9410
465,Othilia,Jorger,ojorgercw@economist.com,Female,Sweden,205-156-3029
466,Anthia,Rigler,ariglercx@apple.com,Female,Indonesia,790-326-6216
467,Bryce,Tubbles,btubblescy@nhs.uk,Male,Russia,932-932-5185
468,Stephie,Jardine,sjardinecz@google.com.br,Female,Indonesia,999-999-6561
469,Dicky,Showte,dshowted0@163.com,Male,Philippines,687-894-0153
470,Kayne,Halbert,khalbertd1@zimbio.com,Genderfluid,China,791-860-4601
471,Zackariah,Gricks,zgricksd2@twitter.com,Male,France,515-929-3335
472,Quincey,Hinkley,qhinkleyd3@geocities.com,Male,Brazil,590-305-4398
473,Dolorita,Purrier,dpurrierd4@github.io,Female,Portugal,837-955-6268
474,Marigold,Ferrand,mferrandd5@vkontakte.ru,Female,Croatia,118-887-9157
475,Herbert,Naulls,hnaullsd6@disqus.com,Male,Portugal,881-514-2633
476,Ortensia,Aysik,oaysikd7@prnewswire.com,Female,Philippines,661-233-6956
477,Faythe,Minster,fminsterd8@earthlink.net,Female,Japan,918-701-8060
478,Reginald,Lambrick,rlambrickd9@vistaprint.com,Polygender,France,713-130-8132
479,Enrique,Rodear,erodearda@barnesandnoble.com,Male,Japan,532-873-8355
480,Gisele,Gowthrop,ggowthropdb@bing.com,Female,Netherlands,287-183-5265
481,Ellswerth,Gummary,egummarydc@dion.ne.jp,Male,Kenya,144-596-9943
482,Gaynor,Blackhurst,gblackhurstdd@intel.com,Female,China,922-638-8048
483,Martynne,Davidesco,mdavidescode@privacy.gov.au,Polygender,Jordan,769-514-6562
484,Clementine,Hegdonne,chegdonnedf@acquirethisname.com,Bigender,Russia,220-999-8092
485,Rozamond,Winterflood,rwinterflooddg@google.it,Female,Greece,770-454-4363
486,Melisandra,Bottby,mbottbydh@icq.com,Female,France,598-287-7472
487,Giffie,Vigars,gvigarsdi@mtv.com,Male,Slovenia,887-343-2708
488,Vanya,Dibbert,vdibbertdj@blogs.com,Agender,Philippines,644-766-2469
489,Roxie,Van der Hoven,rvanderhovendk@com.com,Non-binary,Finland,138-259-9492
490,Karee,Tupling,ktuplingdl@bluehost.com,Female,France,144-891-3824
491,Charissa,Plevey,cpleveydm@cnn.com,Female,Russia,430-351-9275
492,Ferguson,Inkles,finklesdn@yahoo.co.jp,Male,France,585-256-6055
493,Gan,Gommery,ggommerydo@wikipedia.org,Male,Zambia,859-691-1980
494,Ranna,Tarte,rtartedp@netlog.com,Bigender,Russia,878-111-3760
495,Enrica,Callaway,ecallawaydq@google.es,Female,United States,229-459-3909
496,Cairistiona,Lampel,clampeldr@google.com.br,Female,Indonesia,991-532-3049
497,Opaline,Lodo,olodods@photobucket.com,Female,Portugal,408-821-6080
498,Baillie,Lechelle,blechelledt@mozilla.com,Male,Poland,942-333-0550
499,Kerrie,Haycox,khaycoxdu@si.edu,Female,United States,615-301-5926
500,Carlie,Samsworth,csamsworthdv@gmpg.org,Female,Greece,248-397-9395
501,Chris,De La Hay,cdelahaydw@google.it,Male,Brazil,818-268-6006
502,Lorrie,Dunsmuir,ldunsmuirdx@sbwire.com,Female,Argentina,444-713-7411
503,Camel,Bohman,cbohmandy@dion.ne.jp,Female,North Korea,341-277-7453
504,Kiri,Mulqueeny,kmulqueenydz@dailymail.co.uk,Female,Indonesia,450-802-3665
505,Harriett,Scopyn,hscopyne0@51.la,Female,Philippines,535-701-3089
506,Mathilda,Kroin,mkroine1@un.org,Female,United States,323-577-9909
507,Georgette,Piggins,gpigginse2@jimdo.com,Female,Russia,528-229-6878
508,Finlay,MacKee,fmackeee3@usa.gov,Male,Botswana,135-324-6551
509,Anette,McPherson,amcphersone4@narod.ru,Female,China,544-914-5369
510,Urbanus,Kenneford,ukenneforde5@hubpages.com,Non-binary,Austria,608-847-0655
511,Vaclav,Maycey,vmayceye6@harvard.edu,Male,China,647-766-5425
512,Kandace,Shubotham,kshubothame7@geocities.com,Female,Thailand,672-620-9531
513,Tuckie,Spedding,tspeddinge8@t.co,Male,China,324-842-2137
514,Rozanne,Lipman,rlipmane9@de.vu,Female,Czech Republic,402-632-6453
515,Alvinia,Breydin,abreydinea@slashdot.org,Female,North Korea,961-770-6349
516,Libbi,Gadney,lgadneyeb@google.com.au,Female,Colombia,944-948-9906
517,Kirsteni,Rykert,krykertec@issuu.com,Female,Peru,716-599-7193
518,Judie,Cottee,jcotteeed@unicef.org,Female,Portugal,100-756-3731
519,Fiona,Tincombe,ftincombeee@rakuten.co.jp,Female,Canada,821-978-3851
520,Mindy,Prop,mpropef@china.com.cn,Female,Sweden,648-193-3830
521,Melesa,Fordham,mfordhameg@prnewswire.com,Female,China,574-323-4527
522,Etti,Crowson,ecrowsoneh@edublogs.org,Female,Macedonia,796-438-1795
523,Storm,Mc Corley,smccorleyei@ovh.net,Female,Vietnam,563-299-2338
524,Andriana,Postians,apostiansej@parallels.com,Female,China,969-328-8695
525,Judas,Tour,jtourek@nytimes.com,Male,Indonesia,370-791-2856
526,Tiffanie,Tinghill,ttinghillel@tripod.com,Female,Mexico,278-715-5601
527,Pattie,McErlaine,pmcerlaineem@barnesandnoble.com,Male,France,136-533-7578
528,Josey,Percy,jpercyen@unicef.org,Female,Portugal,285-278-4272
529,Galven,Eilhertsen,geilhertseneo@hc360.com,Male,Thailand,632-469-0229
530,Thorvald,Gethins,tgethinsep@nbcnews.com,Male,United Arab Emirates,371-971-4750
531,Emmy,Cardoso,ecardosoeq@list-manage.com,Female,China,141-780-4115
532,Hadlee,Schmidt,hschmidter@google.fr,Male,China,696-903-0017
533,Cesar,Allchin,callchines@linkedin.com,Male,Myanmar,620-971-2327
534,Bayard,McArthur,bmcarthuret@infoseek.co.jp,Male,Croatia,855-762-9552
535,Ana,Tassel,atasseleu@wufoo.com,Female,China,145-380-6600
536,Eb,Konneke,ekonnekeev@marriott.com,Male,China,826-788-7552
537,Mahalia,Lyddyard,mlyddyardew@sbwire.com,Female,Russia,842-564-5207
538,Romola,Mulgrew,rmulgrewex@statcounter.com,Female,Bosnia and Herzegovina,617-806-8694
539,Gare,Ritchley,gritchleyey@hp.com,Male,Uganda,419-586-6099
540,Meris,Isakowicz,misakowiczez@ed.gov,Female,Ukraine,305-799-0570
541,Carlene,Ferraron,cferraronf0@mapy.cz,Female,Indonesia,991-238-3549
542,Janine,Warner,jwarnerf1@ow.ly,Female,Brazil,649-618-9536
543,Cullan,Greguol,cgreguolf2@diigo.com,Non-binary,China,573-652-3153
544,Hinze,Sotworth,hsotworthf3@ted.com,Male,Indonesia,853-159-8859
545,Gael,Tolmie,gtolmief4@ucsd.edu,Female,Sweden,433-768-9632
546,Jennica,Ryburn,jryburnf5@is.gd,Female,Ukraine,465-564-8168
547,Huntlee,Cantopher,hcantopherf6@amazon.de,Male,Indonesia,951-177-9957
548,Dyna,Rubel,drubelf7@who.int,Female,China,750-710-5510
549,Garald,Antonucci,gantonuccif8@meetup.com,Male,China,812-890-7126
550,Mel,Hambric,mhambricf9@51.la,Male,France,288-568-6764
551,Sharron,Cowlam,scowlamfa@dedecms.com,Female,China,247-181-9373
552,Joete,Ida,jidafb@e-recht24.de,Female,Palestinian Territory,555-624-0431
553,Quill,Bruhnicke,qbruhnickefc@stanford.edu,Male,Peru,592-372-7384
554,Reyna,Darkin,rdarkinfd@nhs.uk,Female,Russia,253-506-9227
555,Keely,Vondrasek,kvondrasekfe@twitter.com,Female,Indonesia,511-456-4899
556,Nertie,Borgne,nborgneff@ebay.co.uk,Non-binary,Nigeria,540-286-8460
557,Artus,Ludmann,aludmannfg@gov.uk,Bigender,Philippines,737-561-1055
558,Obadiah,Simms,osimmsfh@google.com.au,Male,Argentina,631-890-7046
559,Alexis,Barkly,abarklyfi@seesaa.net,Male,Philippines,217-133-0353
560,Carole,Drackford,cdrackfordfj@moonfruit.com,Bigender,Nigeria,655-891-9708
561,Catie,Olensby,colensbyfk@npr.org,Polygender,Portugal,212-706-9498
562,Rubetta,Middas,rmiddasfl@newsvine.com,Female,Thailand,466-624-1349
563,Kacie,Grzeszczyk,kgrzeszczykfm@yolasite.com,Female,Niger,844-259-9346
564,Ronald,Zupa,rzupafn@cbsnews.com,Non-binary,Ukraine,968-325-5775
565,Boot,Emmatt,bemmattfo@is.gd,Male,United States,415-841-4204
566,Jabez,Sweatland,jsweatlandfp@arizona.edu,Male,Syria,389-614-4275
567,Patricio,Mandrake,pmandrakefq@xing.com,Male,Botswana,733-379-5852
568,Jeremy,Notti,jnottifr@de.vu,Male,Poland,263-772-5958
569,Douglass,Regnard,dregnardfs@businesswire.com,Male,Madagascar,497-841-8499
570,Wilden,Churchward,wchurchwardft@ocn.ne.jp,Male,Russia,493-575-0508
571,Carrol,Rentoul,crentoulfu@businessinsider.com,Male,Philippines,650-158-7631
572,Elfrieda,Stimson,estimsonfv@spotify.com,Female,France,340-706-5338
573,Crawford,MacDonnell,cmacdonnellfw@reddit.com,Male,New Zealand,457-796-2312
574,Armstrong,Berka,aberkafx@is.gd,Male,Peru,634-976-2221
575,Dory,Hayford,dhayfordfy@wsj.com,Male,Indonesia,194-204-9276
576,Zollie,Jacobbe,zjacobbefz@1und1.de,Male,Philippines,695-497-5346
577,Tyrus,Easdon,teasdong0@psu.edu,Genderqueer,China,468-239-4702
578,Dewitt,Osinin,dosining1@bluehost.com,Male,Philippines,488-771-5654
579,Jens,MacGiolla,jmacgiollag2@tinypic.com,Male,China,866-783-5123
580,Crosby,Fisbburne,cfisbburneg3@goodreads.com,Male,Indonesia,263-878-8013
581,Linn,MacKerley,lmackerleyg4@g.co,Female,France,691-486-8045
582,Rustin,MacAree,rmacareeg5@csmonitor.com,Polygender,Argentina,676-872-7094
583,Joice,Swatman,jswatmang6@globo.com,Female,Portugal,699-985-4919
584,Jock,Ducaen,jducaeng7@yahoo.com,Male,Venezuela,233-712-2559
585,Isidoro,Ruthen,irutheng8@npr.org,Male,China,829-823-0003
586,Sasha,Webborn,swebborng9@tripadvisor.com,Male,Sweden,637-694-7098
587,Devy,Bouttell,dbouttellga@eventbrite.com,Male,Indonesia,193-851-6247
588,Molli,Lancetter,mlancettergb@photobucket.com,Genderfluid,France,504-482-4584
589,Munmro,Vizard,mvizardgc@privacy.gov.au,Male,New Caledonia,716-131-9699
590,Cornelle,Keeler,ckeelergd@cisco.com,Female,Russia,996-808-1532
591,Marni,Jeff,mjeffge@sogou.com,Female,Myanmar,580-444-4433
592,Winnie,Pere,wperegf@wordpress.org,Male,Costa Rica,656-564-3281
593,Laughton,Cantos,lcantosgg@europa.eu,Male,Japan,310-609-0850
594,Tiphany,Warde,twardegh@hp.com,Female,China,680-906-0276
595,Laurella,Hairon,lhairongi@tripadvisor.com,Female,France,522-629-0093
596,Micheil,Aykroyd,maykroydgj@ebay.com,Polygender,Peru,604-675-1141
597,Ronica,Wurst,rwurstgk@infoseek.co.jp,Female,Indonesia,696-882-6890
598,Blaire,Vickerman,bvickermangl@yellowpages.com,Female,Poland,837-582-1161
599,Adler,Paddle,apaddlegm@mapy.cz,Male,Zambia,347-786-8226
600,Odele,Murrigan,omurrigangn@wiley.com,Female,Indonesia,689-566-0079
601,Cass,Scrivinor,cscrivinorgo@wikimedia.org,Agender,Argentina,478-395-9926
602,Noemi,Finder,nfindergp@github.io,Female,Norway,865-359-4314
603,Jillie,Webermann,jwebermanngq@yandex.ru,Female,Indonesia,397-539-0810
604,Fanchette,Gergher,fgerghergr@ox.ac.uk,Female,Philippines,235-679-4315
605,Randell,Bortolini,rbortolinigs@yahoo.com,Polygender,Indonesia,207-833-6219
606,Xaviera,Goncalo,xgoncalogt@phoca.cz,Female,Russia,944-447-4515
607,Dorothee,Clere,dcleregu@mail.ru,Bigender,Nigeria,216-111-8352
608,Karena,Gapp,kgappgv@t-online.de,Female,China,289-755-4512
609,Curt,Smithe,csmithegw@so-net.ne.jp,Male,Finland,725-534-4458
610,Todd,Wrathmall,twrathmallgx@g.co,Bigender,China,644-778-0911
611,Wiley,Bess,wbessgy@nsw.gov.au,Male,Croatia,695-349-3322
612,Florie,Perin,fperingz@paginegialle.it,Female,Moldova,465-636-7737
613,Romeo,Mohamed,rmohamedh0@tumblr.com,Male,Indonesia,223-321-7498
614,Christabel,Howlin,chowlinh1@barnesandnoble.com,Female,Afghanistan,333-412-3613
615,Lev,Ganforthe,lganfortheh2@dagondesign.com,Bigender,China,849-808-4416
616,Roy,Maystone,rmaystoneh3@qq.com,Genderfluid,Canada,448-389-4214
617,Elton,Brushfield,ebrushfieldh4@sphinn.com,Male,China,542-933-3996
618,Ignazio,Ccomini,iccominih5@uiuc.edu,Male,China,184-482-7864
619,Georgia,Orchard,gorchardh6@networksolutions.com,Female,Lesotho,241-199-9597
620,Bertina,Yashanov,byashanovh7@furl.net,Female,Nepal,258-672-7583
621,Philipa,Lapslie,plapslieh8@clickbank.net,Female,France,794-509-7792
622,Averyl,Fogarty,afogartyh9@boston.com,Genderqueer,Colombia,761-489-7622
623,Catharina,Wooler,cwoolerha@purevolume.com,Female,Russia,393-120-1015
624,Wildon,Henkmann,whenkmannhb@shinystat.com,Male,Dominican Republic,415-353-7274
625,Mickie,Clewarth,mclewarthhc@blogtalkradio.com,Male,Egypt,979-833-8499
626,Sibyl,Klees,skleeshd@taobao.com,Female,Indonesia,732-998-3290
627,Fons,Hagyard,fhagyardhe@who.int,Male,China,172-585-4405
628,Darryl,Buterton,dbutertonhf@wikimedia.org,Male,Peru,287-262-5507
629,Waylin,Robbel,wrobbelhg@friendfeed.com,Male,Brazil,198-380-2301
630,Cindie,Scraggs,cscraggshh@moonfruit.com,Female,China,928-131-0647
631,Kaye,Yakunkin,kyakunkinhi@bbb.org,Female,Poland,286-694-3297
632,Jakie,Ivain,jivainhj@craigslist.org,Male,Morocco,440-112-4150
633,Nancie,Suggitt,nsuggitthk@noaa.gov,Female,Russia,679-218-6981
634,Justinian,Weippert,jweipperthl@facebook.com,Male,Philippines,392-183-6757
635,Sheila,Gladdifh,sgladdifhhm@technorati.com,Female,Mexico,716-467-2570
636,Brigitta,Mallinar,bmallinarhn@nationalgeographic.com,Female,Armenia,387-265-9039
637,Catherina,Ahearne,cahearneho@loc.gov,Female,China,445-166-8085
638,David,Presdie,dpresdiehp@ihg.com,Male,Brazil,517-664-0512
639,Bradney,Edmeades,bedmeadeshq@wikipedia.org,Male,Philippines,409-852-8486
640,Ephraim,Avarne,eavarnehr@ezinearticles.com,Male,Poland,460-558-5336
641,Orbadiah,Attenbrow,oattenbrowhs@moonfruit.com,Male,China,252-182-2966
642,Jennica,Bettley,jbettleyht@google.it,Female,Indonesia,946-846-1222
643,Poul,Dawtre,pdawtrehu@psu.edu,Male,Nigeria,285-311-5096
644,Barret,Creser,bcreserhv@bigcartel.com,Male,China,626-193-6040
645,Paula,Besnard,pbesnardhw@miitbeian.gov.cn,Female,Pakistan,815-576-4013
646,Selene,Moret,smorethx@printfriendly.com,Polygender,China,895-704-3577
647,Gilbert,Hawkyens,ghawkyenshy@issuu.com,Male,Portugal,578-769-4177
648,Helsa,Olivetta,holivettahz@yahoo.com,Female,Tunisia,981-171-8133
649,Anatole,Crippell,acrippelli0@lycos.com,Male,Belarus,566-664-2555
650,Rachel,Duplain,rduplaini1@stanford.edu,Female,China,875-253-1697
651,Rosalyn,Battrum,rbattrumi2@reverbnation.com,Female,Russia,970-938-8351
652,Richy,Gailor,rgailori3@bbc.co.uk,Male,Georgia,233-255-9979
653,Cyrill,Flohard,cflohardi4@arizona.edu,Male,China,807-841-4896
654,Darelle,Catto,dcattoi5@cpanel.net,Female,Poland,126-383-5892
655,Salome,Demangeon,sdemangeoni6@typepad.com,Female,China,194-201-4980
656,Audrie,Walrond,awalrondi7@toplist.cz,Female,Indonesia,860-844-6352
657,Estel,Galliard,egalliardi8@samsung.com,Female,China,704-247-2897
658,Nickey,Brissenden,nbrissendeni9@csmonitor.com,Non-binary,Russia,859-642-3819
659,Tillie,Harhoff,tharhoffia@cbslocal.com,Female,Sweden,757-358-5534
660,Sherwin,Boomes,sboomesib@ning.com,Male,France,921-750-8362
661,Dukie,McKie,dmckieic@cornell.edu,Male,Philippines,338-505-4207
662,Annamarie,Twentyman,atwentymanid@homestead.com,Female,Argentina,976-462-2126
663,Putnem,Chape,pchapeie@un.org,Male,Uzbekistan,427-581-5321
664,Dredi,Tourville,dtourvilleif@stanford.edu,Female,Thailand,348-427-3392
665,Dorelia,Andrei,dandreiig@privacy.gov.au,Female,China,667-644-9736
666,Concettina,Micklem,cmicklemih@ovh.net,Female,Estonia,224-208-0861
667,Dotti,Redwin,dredwinii@sina.com.cn,Female,Czech Republic,500-957-6005
668,Marijo,Dunthorn,mdunthornij@360.cn,Female,Brazil,805-155-1113
669,Merrielle,Locarno,mlocarnoik@time.com,Genderfluid,Ukraine,405-626-4581
670,Auroora,Planke,aplankeil@nsw.gov.au,Female,Ukraine,216-215-6893
671,Harley,Peppard,hpeppardim@forbes.com,Female,Russia,524-341-4054
672,Godfry,Scranney,gscranneyin@last.fm,Male,Antigua and Barbuda,796-669-2193
673,Sadie,Leaming,sleamingio@ucoz.ru,Female,China,120-747-7036
674,Marga,Gerard,mgerardip@friendfeed.com,Genderfluid,China,748-728-0590
675,Ahmed,Lemmens,alemmensiq@purevolume.com,Male,Finland,855-693-1130
676,Ivette,Minget,imingetir@t-online.de,Bigender,Indonesia,944-884-9531
677,Gustave,Maslin,gmaslinis@japanpost.jp,Male,Indonesia,535-117-9866
678,Genna,Bastable,gbastableit@cisco.com,Female,Nicaragua,530-441-5495
679,Benedikt,Aitcheson,baitchesoniu@forbes.com,Male,Ethiopia,482-400-0248
680,Vilhelmina,Cokly,vcoklyiv@chron.com,Female,China,147-543-4822
681,Byron,Kinge,bkingeiw@vkontakte.ru,Male,Russia,690-826-5766
682,Pierre,Copo,pcopoix@blinklist.com,Male,Indonesia,523-998-4898
683,Meridith,Weatherhead,mweatherheadiy@chron.com,Female,Mexico,607-861-2694
684,Dyane,Elesander,delesanderiz@cdbaby.com,Female,Philippines,508-939-9289
685,Hildagarde,Aronowitz,haronowitzj0@godaddy.com,Female,Poland,871-239-5355
686,Huntlee,Battram,hbattramj1@engadget.com,Male,Sweden,951-878-7423
687,Merry,Huortic,mhuorticj2@geocities.com,Male,Russia,449-156-7840
688,Addy,Pittway,apittwayj3@gravatar.com,Female,China,430-843-7852
689,Averil,Fullegar,afullegarj4@dell.com,Male,Italy,530-590-2598
690,Bertie,Armell,barmellj5@ifeng.com,Polygender,Argentina,417-167-8211
691,Quinn,McPeake,qmcpeakej6@live.com,Female,Indonesia,878-703-4819
692,Doroteya,Franzman,dfranzmanj7@a8.net,Female,China,542-142-9248
693,Gretal,Aykroyd,gaykroydj8@huffingtonpost.com,Female,Indonesia,499-461-8144
694,Dallon,Baudy,dbaudyj9@earthlink.net,Male,Brazil,645-466-3737
695,Baldwin,Voff,bvoffja@loc.gov,Male,Equatorial Guinea,734-510-0530
696,Emilia,Fenlon,efenlonjb@tamu.edu,Non-binary,Dominican Republic,265-384-6233
697,Meriel,MacBain,mmacbainjc@upenn.edu,Female,Croatia,894-419-7243
698,Gusta,Blumire,gblumirejd@last.fm,Female,Philippines,321-594-9821
699,Conan,Dance,cdanceje@shutterfly.com,Male,France,190-563-0366
700,Berkie,Kinglake,bkinglakejf@geocities.com,Male,Indonesia,865-949-4075
701,Letty,Galiford,lgalifordjg@devhub.com,Female,Thailand,466-234-8312
702,Angeline,Adshed,aadshedjh@networkadvertising.org,Female,Mexico,797-905-7686
703,Beth,Poor,bpoorji@unicef.org,Female,China,476-246-0427
704,Mela,Lawman,mlawmanjj@livejournal.com,Female,Russia,260-178-5476
705,Sorcha,Sleep,ssleepjk@skyrock.com,Female,Indonesia,258-376-9488
706,Westleigh,Gallie,wgalliejl@bing.com,Male,Colombia,465-365-7775
707,Ambrosio,Bannell,abannelljm@hp.com,Male,Portugal,386-749-4855
708,Joli,Elldred,jelldredjn@tripod.com,Female,Indonesia,834-393-9304
709,Cecilla,Cossem,ccossemjo@symantec.com,Female,Panama,417-906-0133
710,Hildagarde,Raymond,hraymondjp@businessweek.com,Female,China,531-426-7878
711,Lorelei,Gotter,lgotterjq@google.co.jp,Female,Afghanistan,933-686-6886
712,Julie,Labbe,jlabbejr@auda.org.au,Male,Russia,665-878-2185
713,Aldon,Coldwell,acoldwelljs@hexun.com,Male,Latvia,399-213-4340
714,Thurstan,Chattoe,tchattoejt@reuters.com,Male,Nigeria,531-102-8863
715,Mariam,Maleney,mmaleneyju@indiatimes.com,Female,France,271-843-1154
716,Kirk,Bradborne,kbradbornejv@geocities.jp,Male,China,526-225-7454
717,Beckie,Rothert,brothertjw@telegraph.co.uk,Female,Brazil,460-891-4068
718,Kurtis,Ranscomb,kranscombjx@goo.ne.jp,Male,Jordan,450-125-7666
719,Chic,Checkley,ccheckleyjy@delicious.com,Male,Philippines,628-226-2506
720,Waite,Climer,wclimerjz@weebly.com,Male,Japan,561-640-3543
721,Tanner,Osban,tosbank0@so-net.ne.jp,Male,Indonesia,604-674-9089
722,Sascha,Benneton,sbennetonk1@jimdo.com,Female,Portugal,724-815-4554
723,Benny,Pinor,bpinork2@washingtonpost.com,Female,Dominican Republic,807-428-8139
724,Walden,McTeer,wmcteerk3@privacy.gov.au,Male,Albania,628-194-3437
725,Buiron,Carlisle,bcarlislek4@nifty.com,Male,Portugal,516-961-1777
726,Anneliese,Bickerstasse,abickerstassek5@bravesites.com,Female,Greece,315-752-6868
727,Neala,Wooffitt,nwooffittk6@washington.edu,Female,Peru,133-714-9995
728,Carolynn,Petegrew,cpetegrewk7@marriott.com,Female,Mexico,679-653-2507
729,Elden,Beccles,ebecclesk8@so-net.ne.jp,Male,China,965-277-4499
730,Enos,Agass,eagassk9@feedburner.com,Male,China,168-681-7102
731,Angelico,Pococke,apocockeka@miibeian.gov.cn,Male,Indonesia,446-926-7453
732,Willette,Bardwall,wbardwallkb@oracle.com,Female,Philippines,293-972-0286
733,Benedicta,Gage,bgagekc@imageshack.us,Female,Germany,446-704-9578
734,Emilee,McGriele,emcgrielekd@google.nl,Female,Benin,478-898-7089
735,Estele,Kliemann,ekliemannke@wordpress.org,Female,Indonesia,117-331-4832
736,Hilliary,Dockrill,hdockrillkf@canalblog.com,Female,Hong Kong,145-785-9776
737,Alina,Baglin,abaglinkg@facebook.com,Female,Poland,455-564-8066
738,Thornton,Blackbrough,tblackbroughkh@clickbank.net,Male,China,417-499-7799
739,Valeda,Gaine of England,vgaineofenglandki@blogspot.com,Female,Netherlands,571-799-2695
740,Nels,Osborn,nosbornkj@domainmarket.com,Male,Indonesia,475-913-1091
741,Hephzibah,Clayworth,hclayworthkk@psu.edu,Female,Indonesia,114-898-8982
742,Gnni,Hawkshaw,ghawkshawkl@amazonaws.com,Female,Cyprus,696-452-7144
743,Christean,Marikhin,cmarikhinkm@wired.com,Female,Thailand,937-682-7125
744,Grayce,Lowfill,glowfillkn@meetup.com,Female,Poland,241-804-5814
745,Zelda,Farnin,zfarninko@economist.com,Female,China,394-591-8105
746,Brianne,Dunkerly,bdunkerlykp@drupal.org,Female,France,855-671-3557
747,Kittie,Chazotte,kchazottekq@acquirethisname.com,Female,Slovenia,643-565-3226
748,Ami,Woodyear,awoodyearkr@i2i.jp,Female,Indonesia,292-551-4654
749,Giselle,Tuohy,gtuohyks@wikispaces.com,Female,Sweden,257-732-4457
750,Agatha,Hancill,ahancillkt@nyu.edu,Female,Azerbaijan,778-433-0219
751,Glynis,Fere,gfereku@t-online.de,Female,Guatemala,322-374-1294
752,Alisander,Stubbes,astubbeskv@phpbb.com,Male,France,283-784-2541
753,Munroe,Ikin,mikinkw@nhs.uk,Male,China,328-946-5931
754,Dicky,Duligall,dduligallkx@yahoo.com,Male,Japan,362-358-8005
755,Rennie,Matthiae,rmatthiaeky@virginia.edu,Female,Sweden,921-321-6214
756,Flo,Pickerin,fpickerinkz@elpais.com,Female,Syria,116-929-0430
757,Mallory,Fraanchyonok,mfraanchyonokl0@networkadvertising.org,Male,Brazil,540-649-2374
758,Latrena,Baroch,lbarochl1@google.co.jp,Female,Ukraine,161-931-2155
759,Gerard,Gryglewski,ggryglewskil2@devhub.com,Male,China,739-148-7463
760,Ferdie,Reede,freedel3@miitbeian.gov.cn,Male,Brazil,111-769-8250
761,Abby,Auchterlonie,aauchterloniel4@hc360.com,Female,Russia,646-781-7466
762,Alida,Di Roberto,adirobertol5@cdc.gov,Female,Japan,915-123-3595
763,Stephan,Piddick,spiddickl6@comcast.net,Male,Czech Republic,540-626-3753
764,Bancroft,Gittis,bgittisl7@time.com,Non-binary,Mexico,850-968-9040
765,Felicle,Coxhead,fcoxheadl8@nih.gov,Genderqueer,Sweden,157-667-5702
766,Ashbey,Girdwood,agirdwoodl9@blinklist.com,Male,Palestinian Territory,503-190-2303
767,Myrtice,Childs,mchildsla@angelfire.com,Female,Albania,261-397-0426
768,Ursuline,Jelks,ujelkslb@salon.com,Female,China,764-582-4235
769,Dukey,Woolvett,dwoolvettlc@zdnet.com,Bigender,China,669-613-5858
770,Phoebe,Hailey,phaileyld@youtube.com,Female,Indonesia,604-433-2189
771,Launce,Stanion,lstanionle@unesco.org,Male,China,317-748-2338
772,Gunner,Scarasbrick,gscarasbricklf@nih.gov,Male,China,734-766-4113
773,Nevin,Moyce,nmoycelg@lulu.com,Male,China,251-302-5541
774,Lorrin,Widocks,lwidockslh@pen.io,Polygender,China,791-837-2356
775,Donia,Dickerline,ddickerlineli@ameblo.jp,Female,Vietnam,516-239-9025
776,Dal,Petroulis,dpetroulislj@house.gov,Male,United States,205-388-4476
777,Wynny,Sargeant,wsargeantlk@cnn.com,Female,Russia,516-590-0482
778,Britni,Creese,bcreesell@google.com.hk,Female,Finland,442-214-7161
779,Craggy,Beeston,cbeestonlm@sciencedaily.com,Male,Indonesia,353-580-7271
780,Herminia,Attenbrough,hattenbroughln@hugedomains.com,Female,Ukraine,840-929-9197
781,Sidonnie,Muldowney,smuldowneylo@mapquest.com,Female,Luxembourg,142-656-9807
782,Oswell,Macci,omaccilp@sphinn.com,Genderfluid,Indonesia,872-412-4930
783,Boycie,Lipson,blipsonlq@flickr.com,Male,Portugal,982-241-3315
784,Filmer,Siddell,fsiddelllr@ovh.net,Male,Indonesia,840-153-3327
785,Bayard,Ibotson,bibotsonls@ihg.com,Male,Uzbekistan,180-577-4365
786,Nicola,Simenot,nsimenotlt@lycos.com,Male,Haiti,715-472-3183
787,Peder,Karoly,pkarolylu@europa.eu,Male,Philippines,110-224-5510
788,Kristopher,Warlock,kwarlocklv@photobucket.com,Male,China,263-366-3009
789,Bonnie,Renol,brenollw@ed.gov,Female,Guatemala,119-209-2320
790,Jarib,Adcocks,jadcockslx@illinois.edu,Male,United States,318-227-1498
791,Henrik,Allsopp,hallsopply@privacy.gov.au,Bigender,Honduras,587-210-4260
792,Gardener,Cookley,gcookleylz@comsenz.com,Male,Myanmar,289-790-9865
793,Montague,Silveston,msilvestonm0@hexun.com,Male,Argentina,872-635-3878
794,Sid,Westwick,swestwickm1@hugedomains.com,Male,Japan,139-679-2996
795,Lira,Ambage,lambagem2@pcworld.com,Non-binary,Guatemala,637-127-1641
796,Margit,Ovenden,movendenm3@fotki.com,Female,Indonesia,218-955-9792
797,Wiley,Kee,wkeem4@dropbox.com,Male,Philippines,464-709-8238
798,Ely,Leahey,eleaheym5@slashdot.org,Male,Sweden,166-627-6884
799,Miguela,Hungerford,mhungerfordm6@spiegel.de,Female,Russia,687-864-6248
800,Bat,Rackstraw,brackstrawm7@blinklist.com,Male,North Korea,112-113-5128
801,Lothaire,Bulger,lbulgerm8@gravatar.com,Male,Germany,453-192-5906
802,Hamnet,Treadway,htreadwaym9@google.co.jp,Male,United States,404-250-7062
803,Ariel,Borge,aborgema@devhub.com,Male,Brazil,131-591-7139
804,Nessa,Akester,nakestermb@tripod.com,Female,Poland,608-617-6435
805,Kristoffer,Ollett,kollettmc@sciencedaily.com,Male,China,733-257-0879
806,Yelena,Dutnall,ydutnallmd@oakley.com,Genderqueer,Afghanistan,300-242-5811
807,Berty,Schonfelder,bschonfelderme@umich.edu,Female,Italy,712-782-1820
808,Hannah,Morrilly,hmorrillymf@icq.com,Female,Malaysia,435-590-4415
809,Haroun,Polglaze,hpolglazemg@ft.com,Male,Canada,585-882-4797
810,Brien,Wessell,bwessellmh@ucoz.com,Male,Canada,230-194-1434
811,Calhoun,Fagence,cfagencemi@lulu.com,Male,Philippines,637-901-6103
812,Karil,McCloch,kmcclochmj@dot.gov,Bigender,Brazil,682-500-9654
813,Dionisio,Pollitt,dpollittmk@usatoday.com,Male,Poland,508-979-4645
814,Lina,Stredwick,lstredwickml@timesonline.co.uk,Female,Canada,982-866-4894
815,Alair,Gayne,agaynemm@guardian.co.uk,Male,Panama,700-533-8983
816,Harri,Wattinham,hwattinhammn@fotki.com,Female,Nigeria,518-991-1372
817,Helenka,Kollatsch,hkollatschmo@freewebs.com,Female,China,809-925-5136
818,Lowell,Sheach,lsheachmp@bizjournals.com,Male,Philippines,304-405-8892
819,Johannes,McAleese,jmcaleesemq@mapquest.com,Male,Ireland,725-473-9601
820,Britney,Sinden,bsindenmr@linkedin.com,Female,United States,619-713-4977
821,Fredrick,Sainsbury-Brown,fsainsburybrownms@psu.edu,Male,France,791-333-2755
822,Henrie,Cisco,hciscomt@t-online.de,Female,Brazil,556-881-8897
823,Tonnie,Karpman,tkarpmanmu@amazon.com,Male,Portugal,905-527-9655
824,Lockwood,Laingmaid,llaingmaidmv@jalbum.net,Male,Malta,805-781-0336
825,Rafferty,Woolland,rwoollandmw@paypal.com,Male,Philippines,724-505-5750
826,Christophorus,Berridge,cberridgemx@freewebs.com,Male,China,986-687-1870
827,Morie,Mirams,mmiramsmy@washington.edu,Male,Philippines,249-251-8505
828,Rolf,Filov,rfilovmz@diigo.com,Male,Cuba,627-912-0124
829,Winni,Randell,wrandelln0@spotify.com,Polygender,China,510-697-3107
830,Cart,Eltringham,celtringhamn1@harvard.edu,Male,Paraguay,944-712-7774
831,Nefen,Ducastel,nducasteln2@multiply.com,Male,China,773-853-1529
832,Chrissie,Lippatt,clippattn3@wordpress.com,Non-binary,Sweden,965-484-0930
833,Dal,Lowater,dlowatern4@si.edu,Male,France,964-138-8607
834,Lynne,Renon,lrenonn5@usda.gov,Female,Belarus,627-245-3242
835,Tommy,Kibble,tkibblen6@columbia.edu,Female,Indonesia,180-894-2274
836,Tracey,Hoys,thoysn7@istockphoto.com,Male,China,677-264-6381
837,Lea,Seakes,lseakesn8@ovh.net,Female,Indonesia,605-785-0373
838,Kerk,Ackwood,kackwoodn9@yahoo.co.jp,Male,China,508-986-5136
839,Janos,De Metz,jdemetzna@adobe.com,Male,United States,217-745-7423
840,Arluene,Tredgold,atredgoldnb@sakura.ne.jp,Female,Iran,390-594-1370
841,Susie,Benezeit,sbenezeitnc@mail.ru,Female,Brazil,863-909-4206
842,Martha,Twelvetrees,mtwelvetreesnd@goo.ne.jp,Female,Poland,250-587-6106
843,Erroll,Dennitts,edennittsne@i2i.jp,Male,China,723-296-0853
844,Rubetta,Philipeau,rphilipeaunf@craigslist.org,Female,Indonesia,403-999-4121
845,Elyssa,Tofful,etoffulng@wp.com,Female,Poland,894-763-2993
846,Demeter,Abazi,dabazinh@goodreads.com,Female,China,753-934-0218
847,Michele,Wais,mwaisni@elpais.com,Female,Indonesia,609-946-0498
848,Wallache,Bradtke,wbradtkenj@zdnet.com,Male,Brazil,871-298-4578
849,Freeland,Unstead,funsteadnk@jiathis.com,Male,Thailand,899-468-1684
850,Loise,Peachment,lpeachmentnl@dion.ne.jp,Female,China,199-835-8890
851,Shay,Gopsell,sgopsellnm@wired.com,Female,France,488-260-3231
852,Mahmud,Izakof,mizakofnn@furl.net,Male,China,672-264-8432
853,Greg,Thwaite,gthwaiteno@freewebs.com,Male,New Zealand,506-163-4354
854,Lorain,Baton,lbatonnp@illinois.edu,Female,Japan,576-718-3500
855,Franky,Laughton,flaughtonnq@cnbc.com,Female,Brazil,107-936-3153
856,Jeane,Tidbald,jtidbaldnr@360.cn,Female,Portugal,139-245-7864
857,Levy,Shelly,lshellyns@bandcamp.com,Male,Peru,757-952-8501
858,Lolita,Rollins,lrollinsnt@go.com,Polygender,China,511-753-1307
859,Winonah,Ruperto,wrupertonu@123-reg.co.uk,Female,Germany,283-832-9472
860,Nadine,Bohlje,nbohljenv@storify.com,Female,Serbia,924-267-5407
861,Meara,Kirkness,mkirknessnw@fastcompany.com,Female,China,283-130-4186
862,Roanna,Ollet,rolletnx@fastcompany.com,Female,Philippines,879-831-8724
863,Calvin,Scanlon,cscanlonny@apple.com,Male,China,960-347-7249
864,Lewiss,Blay,lblaynz@nih.gov,Male,Brazil,646-238-9371
865,Samuel,Eykel,seykelo0@netvibes.com,Male,China,891-885-4382
866,Giovanna,Shawl,gshawlo1@t-online.de,Female,Uruguay,817-891-0397
867,Barnaby,Faragan,bfaragano2@ebay.com,Male,Indonesia,390-942-2676
868,Roderich,McCarter,rmccartero3@nature.com,Non-binary,France,106-489-7604
869,Dorothea,Hazeldene,dhazeldeneo4@gmpg.org,Female,China,337-577-2495
870,Ravid,Kiellor,rkielloro5@tamu.edu,Male,Peru,154-895-5230
871,Hildagard,Ogilby,hogilbyo6@cdc.gov,Genderfluid,Thailand,920-315-4119
872,Jerrilee,Soigoux,jsoigouxo7@hatena.ne.jp,Female,China,102-970-9428
873,Carleton,Braisted,cbraistedo8@paginegialle.it,Male,Tunisia,913-618-9714
874,Eugen,Treweke,etrewekeo9@yellowpages.com,Male,China,832-513-4722
875,Cristionna,Charlot,ccharlotoa@livejournal.com,Female,Estonia,245-535-5674
876,Hasheem,Anthes,hanthesob@time.com,Male,Philippines,961-765-5156
877,Tammie,Bourthouloume,tbourthouloumeoc@histats.com,Female,United States,937-367-8938
878,Hiram,Tarry,htarryod@telegraph.co.uk,Male,United States,717-553-6950
879,Elia,Stigers,estigersoe@ucoz.com,Agender,Indonesia,866-807-2884
880,Emera,Everwin,eeverwinof@latimes.com,Female,Sweden,706-388-3147
881,Ardine,Rojel,arojelog@ucla.edu,Female,China,824-638-2518
882,Hartley,Bruin,hbruinoh@cdbaby.com,Male,Indonesia,833-798-5083
883,Linzy,Gilloran,lgilloranoi@mashable.com,Female,Indonesia,881-655-9120
884,Leshia,Poulter,lpoulteroj@google.de,Female,Indonesia,395-852-0673
885,Morlee,Muriel,mmurielok@list-manage.com,Male,South Africa,639-738-7559
886,Toddie,Woollhead,twoollheadol@wikimedia.org,Male,China,165-369-7014
887,Brietta,Teggart,bteggartom@google.ru,Female,China,127-398-5171
888,Karyn,Pittham,kpitthamon@deliciousdays.com,Female,Brazil,783-219-9535
889,Caryl,Royston,croystonoo@chron.com,Male,Bosnia and Herzegovina,680-934-7575
890,Yves,Scoyne,yscoyneop@tinyurl.com,Male,Poland,432-100-6035
891,Pauly,Eary,pearyoq@ft.com,Genderfluid,Japan,941-302-3575
892,Dotty,Skerm,dskermor@tinypic.com,Female,Thailand,471-264-7974
893,Carlyle,Swinley,cswinleyos@free.fr,Male,Brazil,109-486-3259
894,Bobbie,Denzey,bdenzeyot@elpais.com,Male,Oman,181-827-6603
895,Anabelle,Grindell,agrindellou@ucsd.edu,Female,Philippines,288-230-6688
896,Shurlocke,Cater,scaterov@cargocollective.com,Male,Poland,968-806-9233
897,Jilly,Traviss,jtravissow@ft.com,Female,China,818-501-8959
898,Wolf,Lesurf,wlesurfox@fda.gov,Male,Russia,263-407-3324
899,D'arcy,Paulillo,dpaulillooy@woothemes.com,Male,Egypt,124-119-8532
900,Saunders,Jarnell,sjarnelloz@bbb.org,Male,Indonesia,614-530-8006
901,Creighton,Cantle,ccantlep0@biblegateway.com,Male,China,519-322-3441
902,Gilbert,Pfiffer,gpfifferp1@loc.gov,Male,Philippines,932-820-8627
903,Gerry,Bletso,gbletsop2@trellian.com,Female,China,910-960-4936
904,Tony,Prendeville,tprendevillep3@kickstarter.com,Female,Indonesia,916-228-9658
905,Jess,Howson,jhowsonp4@parallels.com,Female,Italy,336-756-5156
906,Nickey,Pull,npullp5@addthis.com,Male,Sweden,791-620-1513
907,Paulo,Minget,pmingetp6@europa.eu,Male,Argentina,678-561-9729
908,Sumner,Drain,sdrainp7@com.com,Male,China,395-965-7752
909,Leeland,Galbreth,lgalbrethp8@nyu.edu,Male,Indonesia,370-884-9459
910,Stephanie,Bernaldo,sbernaldop9@stanford.edu,Female,Russia,671-736-3532
911,Camella,Maldin,cmaldinpa@tuttocitta.it,Female,Indonesia,939-384-9992
912,Danny,Lyons,dlyonspb@jugem.jp,Female,Bosnia and Herzegovina,673-273-7121
913,Carlo,Pozzi,cpozzipc@ask.com,Male,United States,678-834-8976
914,Cecil,Kitcherside,ckitchersidepd@dedecms.com,Male,Cameroon,682-577-3042
915,Roddie,Antonikov,rantonikovpe@barnesandnoble.com,Male,Sweden,838-996-2154
916,Albie,Onge,aongepf@ed.gov,Male,Russia,955-411-0976
917,Syman,Whetnell,swhetnellpg@gov.uk,Non-binary,Russia,750-289-9584
918,Horton,Prin,hprinph@intel.com,Male,Thailand,687-231-1518
919,Alexis,Peedell,apeedellpi@1688.com,Male,China,565-596-1908
920,Sander,Cregin,screginpj@ycombinator.com,Genderfluid,Sweden,753-230-8881
921,Chilton,Di Francecshi,cdifrancecshipk@apache.org,Male,Germany,352-970-0446
922,Rhona,Semorad,rsemoradpl@constantcontact.com,Female,Indonesia,743-629-0577
923,Antony,Kentwell,akentwellpm@paginegialle.it,Male,Portugal,249-639-5007
924,Chen,Manilove,cmanilovepn@china.com.cn,Male,Russia,225-436-5441
925,Joseito,Kenyon,jkenyonpo@wikimedia.org,Male,Malaysia,395-157-3930
926,Jammie,Digweed,jdigweedpp@samsung.com,Female,Brazil,592-447-8863
927,Forrest,Carletti,fcarlettipq@kickstarter.com,Male,Portugal,454-930-0843
928,Veradis,Santarelli,vsantarellipr@reference.com,Female,Poland,724-904-4963
929,Orly,Geke,ogekeps@wix.com,Female,Hungary,776-610-4642
930,Michelle,Gutowska,mgutowskapt@wiley.com,Female,Poland,477-556-0339
931,Kathi,Jenson,kjensonpu@ycombinator.com,Female,China,596-373-8245
932,Phyllida,Kmietsch,pkmietschpv@yellowpages.com,Female,Indonesia,419-698-5227
933,Dorey,Sturman,dsturmanpw@wunderground.com,Male,Mexico,580-120-4131
934,Athena,Lappine,alappinepx@umich.edu,Female,France,723-798-4463
935,Joyann,Limpricht,jlimprichtpy@amazon.com,Genderfluid,Thailand,959-351-5965
936,Siegfried,Wiper,swiperpz@theglobeandmail.com,Male,Colombia,136-269-3647
937,Ulla,Fonte,ufonteq0@state.tx.us,Female,Portugal,520-461-1235
938,Rosamund,Shorte,rshorteq1@cbsnews.com,Female,Sweden,622-336-3105
939,Codie,Mulqueen,cmulqueenq2@biglobe.ne.jp,Male,Russia,958-625-6922
940,Augusto,Tofts,atoftsq3@huffingtonpost.com,Male,Bolivia,453-498-1064
941,Isak,Rostern,irosternq4@cyberchimps.com,Male,Sweden,718-638-1227
942,Marguerite,Timlin,mtimlinq5@cnet.com,Female,Poland,694-704-8034
943,Gunter,Fever,gfeverq6@theglobeandmail.com,Male,Mozambique,194-951-3984
944,Nettle,O'Hengerty,nohengertyq7@vinaora.com,Female,Croatia,438-785-5956
945,Lazare,Mulcahy,lmulcahyq8@naver.com,Male,Thailand,845-681-6369
946,Aileen,Molfino,amolfinoq9@merriam-webster.com,Female,Thailand,936-617-4410
947,Fabio,Carle,fcarleqa@usgs.gov,Male,Mexico,204-959-8682
948,Janina,Kulicke,jkulickeqb@google.cn,Female,China,965-459-5682
949,Jephthah,Ceaser,jceaserqc@nifty.com,Male,Russia,283-608-3132
950,Marlane,Kobus,mkobusqd@forbes.com,Female,Poland,357-354-5517
951,Wolf,Seneschal,wseneschalqe@apple.com,Male,Kazakhstan,254-482-8461
952,Antony,Bleby,ablebyqf@is.gd,Genderfluid,Ukraine,621-143-9566
953,Wilfred,Jobe,wjobeqg@mysql.com,Male,Philippines,836-146-8361
954,Robinia,Thornham,rthornhamqh@4shared.com,Female,Indonesia,577-310-1487
955,Norbert,Stonbridge,nstonbridgeqi@geocities.com,Male,China,640-243-2234
956,Isidro,Quarles,iquarlesqj@wired.com,Male,Poland,924-686-9656
957,Chris,Harlowe,charloweqk@statcounter.com,Agender,Indonesia,248-752-1346
958,Aurore,Olivi,aoliviql@bloomberg.com,Female,China,850-554-4253
959,Rebeka,Revell,rrevellqm@drupal.org,Female,Russia,784-118-9080
960,Meredith,Gaunt,mgauntqn@sohu.com,Male,Thailand,882-593-7985
961,Gillan,Sugars,gsugarsqo@virginia.edu,Female,Cuba,142-553-9112
962,Whitaker,Verrall,wverrallqp@samsung.com,Male,China,241-505-0365
963,Katti,Kennett,kkennettqq@umich.edu,Female,Venezuela,346-127-3891
964,Helge,Topling,htoplingqr@thetimes.co.uk,Female,Lithuania,968-827-6778
965,Min,Sparway,msparwayqs@yelp.com,Agender,Kazakhstan,763-974-7254
966,Susie,Houldey,shouldeyqt@theguardian.com,Female,France,673-992-5696
967,Sanderson,Sisson,ssissonqu@google.com,Male,China,149-134-9651
968,Jen,Baron,jbaronqv@yellowbook.com,Female,China,389-436-2891
969,Samuel,Kopecka,skopeckaqw@list-manage.com,Male,Philippines,170-510-4947
970,Alfi,Death,adeathqx@elegantthemes.com,Female,Thailand,688-248-0131
971,Oliviero,Galbreth,ogalbrethqy@hc360.com,Male,Japan,363-342-7336
972,Cristine,Le Fevre,clefevreqz@example.com,Female,Macedonia,630-854-2294
973,Kyrstin,Wilcockes,kwilcockesr0@abc.net.au,Female,Sri Lanka,288-919-1337
974,Emalee,Husbands,ehusbandsr1@linkedin.com,Female,Indonesia,182-444-5658
975,Leda,McCormack,lmccormackr2@gizmodo.com,Female,Indonesia,540-248-0550
976,Darnell,Treadgold,dtreadgoldr3@bravesites.com,Male,China,970-372-3506
977,Adolf,Shord,ashordr4@craigslist.org,Male,Dominican Republic,445-203-8595
978,Lexine,Gero,lgeror5@nationalgeographic.com,Female,Czech Republic,169-162-8638
979,Cathleen,Vassel,cvasselr6@plala.or.jp,Female,Poland,522-782-7536
980,Rayna,Seiller,rseillerr7@bandcamp.com,Polygender,Poland,724-162-4758
981,Ava,Bains,abainsr8@naver.com,Female,China,624-632-4267
982,Tiffy,Gosby,tgosbyr9@ed.gov,Polygender,Brazil,373-785-2457
983,Kippy,Mardee,kmardeera@sbwire.com,Male,Sweden,167-843-7453
984,Marlin,Brevitt,mbrevittrb@latimes.com,Male,Russia,222-195-1229
985,Edita,Cornbill,ecornbillrc@illinois.edu,Female,Japan,596-569-9459
986,Augustin,Hassen,ahassenrd@linkedin.com,Male,China,818-905-0265
987,Ruddy,Cantrill,rcantrillre@examiner.com,Male,Russia,282-716-1383
988,Moses,Brennenstuhl,mbrennenstuhlrf@newyorker.com,Male,Norway,349-819-2806
989,Zebedee,Merryweather,zmerryweatherrg@arstechnica.com,Male,Poland,727-568-0093
990,Maison,Blackaller,mblackallerrh@sourceforge.net,Male,Argentina,522-753-1360
991,Rocky,Itzig,ritzigri@cam.ac.uk,Non-binary,Philippines,931-986-8615
992,Wain,Aspinal,waspinalrj@cnet.com,Male,Spain,841-605-6792
993,Jefferey,Fontanet,jfontanetrk@paypal.com,Male,China,507-560-1942
994,Holli,Dursley,hdursleyrl@pagesperso-orange.fr,Female,China,315-726-0251
995,Rayner,Ward,rwardrm@ca.gov,Male,Angola,699-612-9759
996,Jabez,Grayshan,jgrayshanrn@ftc.gov,Male,Czech Republic,178-957-5283
997,Abdel,Leopold,aleopoldro@thetimes.co.uk,Male,Saudi Arabia,871-946-3265
998,Tierney,Cranmore,tcranmorerp@tamu.edu,Female,Colombia,572-509-2654
999,Nolie,Scarlon,nscarlonrq@pbs.org,Female,Portugal,132-666-5063
1000,Lesley,Sutcliffe,lsutclifferr@networkadvertising.org,Male,Sri Lanka,792-344-5353